country,sect,t,upstreamness,downstreamness,u_n,u_d,d_n,d_d,source
USA,1.0,2000,2.58242689904604,2.24380106479332,255018.513842427,98751.4937737956,96618.9105487413,43060.3728934593,ADB
USA,1.0,2007,2.64997560956576,2.31352030979646,373660.593087032,141005.29519525,122560.755023412,52975.8716638172,ADB
USA,1.0,2008,2.6255199899597,2.32130940582359,407937.135984237,155373.845007556,145544.239785363,62699.1987454273,ADB
USA,1.0,2009,2.56711249754742,2.22013573593346,359086.37592985,139879.485715143,134568.371726117,60612.6776611419,ADB
USA,1.0,2010,2.64494444334972,2.20539093434468,424021.488408572,160313.948928003,132889.340464139,60256.5914254229,ADB
USA,1.0,2011,2.67490224492611,2.18408584386631,527660.779003139,197263.574773259,143460.488840164,65684.4552346932,ADB
USA,1.0,2012,2.72580602276999,2.25797399113601,516138.38226246,189352.572395432,145460.183375725,64420.6638104553,ADB
USA,1.0,2013,2.72378755234241,2.16243874158381,607600.814447171,223072.02847911,156811.047960538,72515.833602614,ADB
USA,1.0,2014,2.74590350020594,2.22007488949132,587311.821944707,213886.548416818,160982.312013043,72512.1088369809,ADB
USA,1.0,2015,2.72810856935643,2.20168812997404,525416.887334795,192593.833411382,147774.614473745,67118.7769339007,ADB
USA,1.0,2016,2.69208987948297,2.15564548961982,509690.189929676,189328.816178888,144427.892179853,66999.835026364,ADB
USA,1.0,2017,2.70856812702341,2.32074057115193,474493.286121825,175182.333937921,160831.654082858,69301.8668618471,ADB
USA,1.0,2018,2.8075311989145,2.33555032568826,496814.621740039,176957.827550457,177391.423980103,75952.7302961576,ADB
USA,1.0,2019,2.75958055500907,2.41044366104028,442773.037480282,160449.397527672,189166.272406315,78477.7821045096,ADB
USA,1.0,2020,2.62152206014748,2.35166634146769,428806.545346358,163571.595244266,207257.456089581,88132.1692771391,ADB
USA,1.0,2021,2.61148361617118,2.20147472138453,588004.187551105,225160.971299987,220558.09042679,100186.519647193,ADB
USA,1.0,2022,2.61248701017173,2.1360397821201,752254.590252068,287945.772485437,259239.296657509,121364.451555394,ADB
USA,1.0,2023,2.5409248581287,2.12804453451986,694587.612309431,273360.154704051,276126.624665019,129756.036673979,ADB
USA,1.0,2024,2.54480715496793,2.10758160235273,631375.24712187,248103.37627718,233720.063843608,110894.906077516,ADB
USA,2.0,2000,2.95929085983918,1.93388773904444,327130.172937185,110543.433691058,51951.5115514097,26863.7679956953,ADB
USA,2.0,2007,2.85944497221031,1.66392960879292,895756.53976415,313262.380801035,135191.15392255,81248.1208388516,ADB
USA,2.0,2008,2.91211866295119,1.62252686993319,1175364.10338433,403611.335739045,150267.463717654,92613.2358743879,ADB
USA,2.0,2009,2.5675892128473,1.4260990354438,749432.251154904,291881.679283046,138148.255373323,96871.431744803,ADB
USA,2.0,2010,2.86100736295221,1.53645563539106,951348.136831255,332522.086154151,112516.189755202,73231.0046339634,ADB
USA,2.0,2011,2.92178695065023,1.54732679419442,1167695.52408049,399651.153148119,139161.132273337,89936.4845199284,ADB
USA,2.0,2012,2.64999466987542,1.5460898581369,1091974.11805951,412066.533745459,247193.888965435,159883.261418785,ADB
USA,2.0,2013,2.71578255690146,1.56953743159349,1200026.78379217,441871.452757738,256353.346143796,163330.5080743,ADB
USA,2.0,2014,2.71626613100673,1.62097006801649,1234478.41336839,454476.238273036,284303.789105305,175391.140598416,ADB
USA,2.0,2015,2.53705571457179,1.5886751350067,788203.661111157,310676.528144039,231002.869378653,145405.982814528,ADB
USA,2.0,2016,2.51983216708588,1.56773721499084,620066.184385882,246074.398321128,176770.188333397,112754.986386178,ADB
USA,2.0,2017,2.58734163554141,1.82174438868989,715506.914625042,276541.336789999,282323.82484007,154974.444599829,ADB
USA,2.0,2018,2.60197032557516,1.85582089300077,857361.617780228,329504.763891076,361119.572748756,194587.5133267,ADB
USA,2.0,2019,2.56324297409269,1.9146480527981,754677.249034291,294422.829463298,351363.08654414,183513.145421506,ADB
USA,2.0,2020,2.69239439334433,1.94432196751591,542684.595225231,201562.072988549,191046.141176946,98258.49029573468,ADB
USA,2.0,2021,2.69212833525436,1.84499641122433,893144.726137769,331761.571111498,275217.593970889,149169.717781866,ADB
USA,2.0,2022,2.78626981588379,1.8970566126921,1274590.49292223,457454.079162084,367602.882065421,193775.388465481,ADB
USA,2.0,2023,2.64756436047106,1.76823914760013,1089289.79719019,411430.903608469,330970.834479278,187175.380054488,ADB
USA,2.0,2024,2.59539135786122,1.7767261864646,1020953.33823861,393371.633586677,334377.698510708,188198.778775286,ADB
USA,3.0,2000,1.59632284866071,2.50729235827231,261816.899658398,164012.499024278,867654.906131898,346052.546791859,ADB
USA,3.0,2007,1.63730204077068,2.64626296198019,315896.216719515,192937.04451185,1146683.35998818,433321.773558787,ADB
USA,3.0,2008,1.66376778853878,2.68207552501337,336251.711210387,202102.549121775,1237678.2240867,461462.853131452,ADB
USA,3.0,2009,1.59268390514192,2.4258656082103,396243.896013521,248790.042226373,1177187.77829749,485265.042842158,ADB
USA,3.0,2010,1.61828632061266,2.53453719284258,374939.103021534,231688.977559661,1248985.84549204,492786.552518986,ADB
USA,3.0,2011,1.65896758606404,2.66176706763706,359485.147003393,216692.086104156,1375893.46937279,516909.795038607,ADB
USA,3.0,2012,1.69205378272091,2.64616495976191,403361.267432734,238385.606623039,1406855.10127949,531658.125125379,ADB
USA,3.0,2013,1.71346835509888,2.66323839287122,392769.034320783,229224.562655035,1428208.32265702,536267.547989677,ADB
USA,3.0,2014,1.74550563828761,2.68030188423863,420263.784328957,240769.078661498,1455403.23920775,542999.744829556,ADB
USA,3.0,2015,1.73168691185128,2.5989735540068,446427.564184783,257799.236761295,1413815.93243873,543990.11881405,ADB
USA,3.0,2016,1.71237099016132,2.52168236030279,476079.647788028,278023.658730155,1389902.59882722,551180.680290095,ADB
USA,3.0,2017,1.63807868679082,2.55535704975716,434979.203785214,265542.313255652,1456382.8159817,569933.198227664,ADB
USA,3.0,2018,1.83085227933336,2.59926052594657,469636.565177609,256512.538165346,1203499.00590947,463015.920834328,ADB
USA,3.0,2019,1.80199028109335,2.57247162430688,492792.658081802,273471.318492795,1290159.68045444,501525.330061537,ADB
USA,3.0,2020,1.54095781621021,2.48336124607323,471159.383267267,305757.482982905,1620655.31784588,652605.544363919,ADB
USA,3.0,2021,1.53845051113773,2.52838959780696,469416.374748893,305122.830634146,1786814.61970953,706700.668781169,ADB
USA,3.0,2022,1.55350818536717,2.60162508550768,454063.017088844,292282.346089813,1953793.62119815,750989.691820598,ADB
USA,3.0,2023,1.53571554912927,2.48798713644297,512584.919561625,333775.952097545,1920620.52846825,771957.579818571,ADB
USA,3.0,2024,1.54012353345745,2.47906574809276,538398.100225463,349581.113806373,1986324.43437438,801239.110298923,ADB
USA,4.0,2000,2.09004213094225,2.46306349784638,99175.97003713828,47451.6606956756,151329.066797059,61439.3688710729,ADB
USA,4.0,2007,2.17647236411541,2.41899546601258,65658.5633743669,30167.4234219154,75547.9310706132,31231.1172683364,ADB
USA,4.0,2008,2.18315635376457,2.34918089701692,62973.7955458822,28845.2979729519,63889.7119491836,27196.590960838,ADB
USA,4.0,2009,1.99318161194854,2.1570654543054,50106.1863187735,25138.7961931826,57965.4532671458,26872.3664140323,ADB
USA,4.0,2010,2.26068675536711,2.29780974256785,55774.1759202261,24671.3419220121,47352.6263265792,20607.7228455223,ADB
USA,4.0,2011,2.16807503361732,2.406317540147,53277.3037555161,24573.5516204094,65134.8836887084,27068.2828022478,ADB
USA,4.0,2012,2.05955422632595,2.4441950479544,52006.4928583618,25251.3345818219,80464.4666317797,32920.6405598122,ADB
USA,4.0,2013,2.13878398750459,2.52316376061245,54497.452634303,25480.5781942886,85160.3009233623,33751.3966603147,ADB
USA,4.0,2014,2.17390202133944,2.47543890595282,58238.497702751,26789.844772704,78419.1485312916,31678.8866583266,ADB
USA,4.0,2015,2.1659644630772,2.4182454448098,56306.0800155509,25995.8466426344,73946.7309754707,30578.6706366718,ADB
USA,4.0,2016,2.16459815654589,2.46904119110592,57298.3002353539,26470.6407801743,82993.819739905,33613.7849943001,ADB
USA,4.0,2017,2.12373498833855,2.23297022734353,49862.0001810362,23478.4473838915,51654.9688147058,23132.8515634342,ADB
USA,4.0,2018,2.1166942999499,2.24905563743599,48619.2705171516,22969.4342344581,54632.22364333,24291.1837012679,ADB
USA,4.0,2019,2.10199686438005,2.20561712829518,48914.0656998531,23270.2848080982,52415.2592957659,23764.4415358163,ADB
USA,4.0,2020,2.17549204969482,2.29641371016127,44486.2166738397,20448.8068251412,45187.7738356369,19677.5405214174,ADB
USA,4.0,2021,2.15970839453298,2.30167059400181,52090.5122593151,24119.234055475,52640.5986809783,22870.6048633373,ADB
USA,4.0,2022,2.19044841161965,2.25530462028641,57667.917795368,26326.9919937204,54382.6041508275,24113.1967990742,ADB
USA,4.0,2023,2.17860870466902,2.24330630734018,57623.8307086529,26449.8303826466,53361.4182589713,23786.9514672922,ADB
USA,4.0,2024,2.13753904964037,2.24610198626791,56947.2109898953,26641.4833448195,55963.9182170481,24916.0183104761,ADB
USA,5.0,2000,1.49368687957586,2.58860162865945,3808.59854160304,2549.79714535921,16664.4904831272,6437.6419680139,ADB
USA,5.0,2007,1.7430240837224,2.65854356805766,2826.03506496752,1621.34022780238,8368.75621611778,3147.87251059874,ADB
USA,5.0,2008,1.70868274486789,2.62025549009581,2647.41591803198,1549.3899765674,7489.16974402792,2858.18301777667,ADB
USA,5.0,2009,1.59074282226548,2.14116744086212,2003.53434839435,1259.49607966232,3519.61256206354,1643.78202979137,ADB
USA,5.0,2010,1.42689658847646,2.08053351520647,1990.80857543161,1395.20172064975,4121.14639336424,1980.81230763315,ADB
USA,5.0,2011,1.68766855026271,2.69625906246718,2234.6619350621,1324.11185520655,8302.91718431926,3079.42115054841,ADB
USA,5.0,2012,1.60178902942438,2.78952998616658,2182.08561704425,1362.28028595526,10400.2002078054,3728.29840847043,ADB
USA,5.0,2013,1.65443000748877,2.8272346090527,2277.0866723557,1376.3572118787,11208.9353193615,3964.62864576959,ADB
USA,5.0,2014,1.75501505191668,2.80451512573331,2537.15219655738,1445.65836844904,10452.1064585186,3726.88539370443,ADB
USA,5.0,2015,1.73247055365508,2.8073250637559,2275.22773583469,1313.28508356724,10084.3594712932,3592.15952633623,ADB
USA,5.0,2016,1.7372913689436,2.79424188549315,2369.86923434072,1364.11731313773,11034.742174061,3949.10055258636,ADB
USA,5.0,2017,1.74054184543902,2.10804446719359,6073.96238225084,3489.6962679566,8845.16688826346,4195.91096199166,ADB
USA,5.0,2018,1.74847858202346,2.31422864336222,6354.53908286662,3634.32480569062,13028.5615439199,5629.7641900203,ADB
USA,5.0,2019,1.73678746350632,2.17624360999467,4817.6554818736,2773.88890874848,7938.45801344734,3647.78004493108,ADB
USA,5.0,2020,1.37128571230472,2.11943668242678,4575.2912205323,3336.4974049373,12870.723204814,6072.70946640258,ADB
USA,5.0,2021,1.31385649903914,2.18966054422887,3116.9478457509,2372.36551178185,10088.5492922997,4607.35766504507,ADB
USA,5.0,2022,1.31357116971472,2.08424213945798,3780.61886064544,2878.12259267726,10417.0629999055,4998.00997335874,ADB
USA,5.0,2023,1.30267417523509,2.20617364543759,3828.68621912575,2939.0973521332,13377.9335873223,6063.86247745647,ADB
USA,5.0,2024,1.26623245881819,2.20995699905582,3690.31442863066,2914.40517333992,13621.3876150915,6163.64373646685,ADB
USA,6.0,2000,2.64640956893105,2.51209774356176,74773.4459689386,28254.6763912819,22447.1774887764,8935.63060844514,ADB
USA,6.0,2007,2.58854996449716,2.57326731110837,76057.0797719661,29382.1177165266,24708.7762103649,9602.10239476531,ADB
USA,6.0,2008,2.5854289240342,2.54099097993656,67356.6382614192,26052.4037753545,21306.3052943864,8385.03775204993,ADB
USA,6.0,2009,2.56368941846355,2.34787030174951,55735.0877556812,21740.1871514857,14237.7750300386,6064.12331184963,ADB
USA,6.0,2010,2.68201720417243,2.45622156619792,58964.464590252,21985.1179546949,14723.1933099727,5994.24478336591,ADB
USA,6.0,2011,2.70704147711103,2.48450880211654,60128.7776811905,22211.9898012646,16029.3714747425,6451.72657914803,ADB
USA,6.0,2012,2.70903152668538,2.50896017500077,64881.6240307292,23950.1177419351,18817.8418874847,7500.25531492499,ADB
USA,6.0,2013,2.74818391441822,2.54495170011131,71951.4560192248,26181.455921394,20238.6629405704,7952.47428062591,ADB
USA,6.0,2014,2.75549990896692,2.54657599623834,78936.8259577724,28647.007282017,22728.1518371015,8924.98471307132,ADB
USA,6.0,2015,2.72693248326117,2.5144572141256,81082.0443341514,29733.7923956168,22827.7339101116,9078.593098292173,ADB
USA,6.0,2016,2.72158117764379,2.4881259873517,85336.9844427622,31355.6638118149,23539.1370654365,9460.588887016553,ADB
USA,6.0,2017,2.71500584758722,2.37837587395144,102424.101826266,37725.1864548609,22458.5714496733,9442.81839369676,ADB
USA,6.0,2018,2.73615358759166,2.40612079284879,109227.716919793,39920.1702035792,26476.198894446,11003.68650366,ADB
USA,6.0,2019,2.68173379405277,2.31790740046988,106150.554896784,39582.8083802321,22675.9869627071,9782.95636750214,ADB
USA,6.0,2020,2.61735515449817,2.31292592828075,117244.432067755,44795.0030267233,24622.9868366727,10645.817289521,ADB
USA,6.0,2021,2.65301128767933,2.3353714930263,159208.4267906,60010.4596350453,34040.418527614,14576.0186887879,ADB
USA,6.0,2022,2.68170031640349,2.35356236264408,168366.654464741,62783.5457358422,36398.9571064654,15465.4738213834,ADB
USA,6.0,2023,2.63495592964832,2.29572179901124,163271.617349018,61963.6994728824,35435.593043591,15435.4909461821,ADB
USA,6.0,2024,2.61057263024263,2.28718689400607,154205.996801231,59069.7975665589,33508.6060312409,14650.5762686274,ADB
USA,7.0,2000,2.31777229427626,2.14664518850822,513531.580874498,221562.56770463,381572.062534653,177752.739287027,ADB
USA,7.0,2007,2.23362750133604,1.98170183823985,657550.553953921,294386.845416529,431436.649977754,217710.172969792,ADB
USA,7.0,2008,2.24519899129109,2.02465757227642,639781.138077546,284955.204665242,434304.740368213,214507.750009254,ADB
USA,7.0,2009,2.15013183184061,1.88431221445649,594933.422191576,276696.253402419,383870.369718817,203719.090060423,ADB
USA,7.0,2010,2.22821982964107,1.94100248285549,617122.371675179,276957.579977461,378945.75845622,195231.980279972,ADB
USA,7.0,2011,2.25223834458022,1.98693257093054,629987.084270056,279715.992663944,403171.50921492,202911.520558598,ADB
USA,7.0,2012,2.24111779435756,1.9894456430725,637182.140377178,284314.435404245,416844.562377676,209527.99782652,ADB
USA,7.0,2013,2.26226362972878,2.00481282035671,661822.409156119,292548.755352383,431706.594788896,215335.11278728,ADB
USA,7.0,2014,2.26369244899672,2.00901739058274,688578.574093463,304183.801292727,448694.879644124,223340.465715916,ADB
USA,7.0,2015,2.23371757168085,1.89760600014798,738332.78292406,330539.90006824,439314.089058895,231509.64374303,ADB
USA,7.0,2016,2.213958201187,1.87208586489579,762754.932501207,344520.927311212,446811.058469069,238670.173653568,ADB
USA,7.0,2017,2.26606557965992,1.85704422323251,788467.131891063,347945.416482339,440855.27273756,237396.216644844,ADB
USA,7.0,2018,2.28938233771707,1.78047590030823,861881.621925136,376469.062299392,415286.020215779,233244.392773801,ADB
USA,7.0,2019,2.30854709824892,1.77679140663378,907544.639549394,393123.727143269,430331.728031271,242195.975523405,ADB
USA,7.0,2020,2.00277249538035,2.06352741936797,301820.136664837,150701.159198573,342490.57006398,165973.355550991,ADB
USA,7.0,2021,2.01149001540758,2.11350235301765,319548.729389455,158861.702987228,374630.605562789,177255.82610679,ADB
USA,7.0,2022,2.05251649621689,2.12122290251963,346272.436602995,168706.286766138,390340.955230594,184016.943606888,ADB
USA,7.0,2023,1.99894459081371,2.00122756484343,365257.354999895,182725.102375754,379732.967948411,189750.018748177,ADB
USA,7.0,2024,2.00278947928051,1.99827596592915,368743.899713917,184115.157148911,374573.646074267,187448.406757021,ADB
USA,8.0,2000,2.22734203144682,2.43043187481709,120885.396955389,54273.3874046567,188181.854550697,77427.3315374695,ADB
USA,8.0,2007,2.23274057112686,2.38937070325619,336664.833203545,150785.468565939,494248.855592028,206853.149625747,ADB
USA,8.0,2008,2.24662166317728,2.37717254979412,380841.980707178,169517.630382221,603678.775080414,253948.235744475,ADB
USA,8.0,2009,2.11937847385337,2.2570850705883,260157.746497991,122751.905668355,397323.704479646,176033.996085086,ADB
USA,8.0,2010,2.18722645131983,2.34187199576304,302093.343879619,138117.08600055,513110.012959865,219102.501711533,ADB
USA,8.0,2011,2.2527036850156,2.36625142088276,410074.363265774,182036.530589212,674956.483866186,285242.928080053,ADB
USA,8.0,2012,2.26471794872945,2.38015821394392,422638.819860799,186618.744333221,693080.952134436,291191.126738589,ADB
USA,8.0,2013,2.3027896526622,2.44941569274559,397502.050373359,172617.611823041,707874.240180118,288997.185033403,ADB
USA,8.0,2014,2.30886664078426,2.39000571492361,412015.490845675,178449.237200519,673662.502392133,281866.481818711,ADB
USA,8.0,2015,2.27887524323217,2.25222407955793,354506.929021709,155562.236271831,417852.496151767,185528.829011447,ADB
USA,8.0,2016,2.24320532912653,2.28546588150287,274708.826329852,122462.630933932,364926.826546837,159672.839354255,ADB
USA,8.0,2017,2.34977695013023,2.44926119414777,307772.749837203,130979.559493996,429332.418418968,175290.581276023,ADB
USA,8.0,2018,2.35622172350736,2.39462771946199,411189.493573436,174512.224155781,570115.393830989,238081.013260416,ADB
USA,8.0,2019,2.31214613398743,2.42230367310007,371375.035539542,160619.188415692,477870.347218531,197279.289349774,ADB
USA,8.0,2020,2.2716808571219,2.58373941373823,145212.019710841,63922.7201548096,284477.840120216,110103.146860552,ADB
USA,8.0,2021,2.27417887304817,2.5412952454859,302642.261305971,133077.597761837,480938.488010525,189249.355762506,ADB
USA,8.0,2022,2.28119981865547,2.50874459418497,507973.602246092,222678.258209528,771013.001992835,307330.2096116,ADB
USA,8.0,2023,2.22492159881764,2.36906578079084,479991.005194124,215733.896173779,593314.569552367,250442.420958994,ADB
USA,8.0,2024,2.21035338261908,2.38242172285377,427656.506509592,193478.793876324,534875.136452552,224509.007503447,ADB
USA,9.0,2000,2.53125942122255,2.19497353825113,478481.572783771,189029.053589724,294791.586823792,134303.025383472,ADB
USA,9.0,2007,2.61843718572399,2.34545384538962,726610.052104128,277497.606612711,494300.327423101,210748.264518072,ADB
USA,9.0,2008,2.60882676257988,2.33838399066675,743738.492812568,285085.427472801,496750.631839474,212433.301725536,ADB
USA,9.0,2009,2.36705819008749,1.96455932589813,747029.972060678,315594.257542551,431719.20537054,219753.712539667,ADB
USA,9.0,2010,2.51641963679754,2.10826518883534,835973.921536441,332207.676856442,486084.946157623,230561.576755982,ADB
USA,9.0,2011,2.58231296295165,2.21361182568613,878473.767785172,340188.730176629,531674.583417463,240184.199075945,ADB
USA,9.0,2012,2.56791254337647,2.23738021720275,884744.026739179,344538.2238664,563205.160747199,251725.279600147,ADB
USA,9.0,2013,2.53616156329645,2.23080827682603,895225.295713217,352984.332177016,586747.263506363,263020.031618845,ADB
USA,9.0,2014,2.48721416750897,2.19872633689719,897629.060276299,360897.373455904,611429.548015709,278083.514876412,ADB
USA,9.0,2015,2.4391073298558,2.08470667890413,904433.795867083,370805.246983761,577573.505643741,277052.647976047,ADB
USA,9.0,2016,2.42108222545358,2.07013701777526,920305.088710243,380121.368466876,592208.454847869,286072.105258184,ADB
USA,9.0,2017,2.55403961133308,2.13215280356291,922944.532675754,361366.569484811,556022.355595495,260779.78776491,ADB
USA,9.0,2018,2.59241410838718,2.15917781104029,969315.961081588,373904.754624496,603460.483756957,279486.23808162,ADB
USA,9.0,2019,2.4869153910534,2.01168635138002,965111.554812721,388075.749695659,538477.298095289,267674.579452155,ADB
USA,9.0,2020,2.43763341367445,1.93020237812204,976966.827781843,400784.967215058,507839.137769136,263101.498332641,ADB
USA,9.0,2021,2.44970044268624,2.01805628244145,1092686.7257683,446049.119609947,613911.693503257,304209.401315877,ADB
USA,9.0,2022,2.55393814728777,1.96571758908072,1323190.05156859,518097.923778536,631780.693595149,321399.522039484,ADB
USA,9.0,2023,2.49332478190923,1.95939198682914,1323456.58855027,530799.917504872,669553.403807701,341714.883141495,ADB
USA,9.0,2024,2.4813217505084,1.95242993807017,1423474.29611032,573675.822500112,724283.855806665,370965.350245841,ADB
USA,10.0,2000,2.64481147031662,2.32960659042893,174467.660044369,65966.0100549561,49770.8315700558,21364.4792105829,ADB
USA,10.0,2007,2.64081150059828,2.5511779050956,170722.858628173,64647.8775897088,59320.3022887843,23252.1229390944,ADB
USA,10.0,2008,2.65142330256046,2.60610415368063,154696.436336441,58344.6770596953,57816.9832178463,22185.2158656786,ADB
USA,10.0,2009,2.52458369354428,2.24967982026222,161876.400866488,64120.037406733,53014.1540136755,23565.1996058248,ADB
USA,10.0,2010,2.60384490379192,2.41363381942874,166114.125121367,63795.706449128,56423.4804075377,23376.9845091464,ADB
USA,10.0,2011,2.63663475348179,2.49811782742662,173241.4480116,65705.5163908566,62942.2461599601,25195.8676524072,ADB
USA,10.0,2012,2.6281256804112,2.49484828049523,186786.44723663,71072.1137230413,75944.8816640787,30440.6814064876,ADB
USA,10.0,2013,2.58738970539072,2.52105350178208,188713.409094126,72935.8274483932,95127.9738792008,37733.421290725,ADB
USA,10.0,2014,2.57594615572484,2.50499940104772,194738.131702649,75598.6810010987,97244.663124926,38820.2340823927,ADB
USA,10.0,2015,2.56237654430369,2.35310638265737,222672.269681892,86900.6821721441,92842.8797750362,39455.4536332473,ADB
USA,10.0,2016,2.54073867766232,2.32066343790684,228682.53242228,90006.317624403,93741.8122169861,40394.4021721384,ADB
USA,10.0,2017,2.58821151875544,2.41781671313267,201321.6889156,77784.0943279657,94700.9018660386,39167.940792062,ADB
USA,10.0,2018,2.67637105759634,2.42943089613585,214578.848547812,80175.298540452,89447.139181213,36818.1450740104,ADB
USA,10.0,2019,2.63115545366341,2.35109960663309,217565.106587953,82688.0472930752,88567.303421105,37670.5874864819,ADB
USA,10.0,2020,2.61257351822536,2.30632542396897,208891.820060402,79956.3413634753,55539.0466582869,24081.1838958569,ADB
USA,10.0,2021,2.65781701853818,2.48114224105361,209284.066536816,78742.8423691574,65714.9602044972,26485.7689805771,ADB
USA,10.0,2022,2.67931660728806,2.4413863647718,249297.516249051,93045.18755675688,71144.0744766205,29140.8502575423,ADB
USA,10.0,2023,2.64223983233143,2.35710654963423,257378.825109434,97409.3350497753,68645.8724595983,29122.9399325416,ADB
USA,10.0,2024,2.63336678882799,2.3577624429156,259830.585612055,98668.58909073408,69243.0976541837,29368.1400610309,ADB
USA,11.0,2000,2.61594325847588,2.11106354944738,111623.991254839,42670.6469619201,11610.3561972847,5499.76631462562,ADB
USA,11.0,2007,2.57286697676616,2.24004664620428,129658.210727524,50394.4478662831,19038.5810639318,8499.18955758907,ADB
USA,11.0,2008,2.57073416743229,2.25254431396457,114552.653280391,44560.2873807871,20619.8433568892,9154.02339881052,ADB
USA,11.0,2009,2.45890735257905,2.07108563577674,94471.5912810213,38420.1507966268,21548.8330352285,10404.6074498251,ADB
USA,11.0,2010,2.5566602505565,2.18409167496385,93122.0084236734,36423.3020024478,21743.8826366127,9955.572325952167,ADB
USA,11.0,2011,2.62558063267693,2.22605716377286,95466.0292955047,36359.9685750925,20291.3465248061,9115.375316964008,ADB
USA,11.0,2012,2.58553144806514,2.22733595024278,100749.19254987,38966.5314747052,25212.3164028017,11319.494214626,ADB
USA,11.0,2013,2.60206330920777,2.20068631084165,112966.079715601,43414.0396645443,25036.9618366528,11376.8880704663,ADB
USA,11.0,2014,2.60385339413336,2.22021312648601,121315.241224407,46590.6573303003,28415.8539967466,12798.7055196458,ADB
USA,11.0,2015,2.56591234396313,2.15947681555441,131651.171525536,51307.7431640538,28754.6406632932,13315.558868786,ADB
USA,11.0,2016,2.55655928759607,2.1372361542497,137905.98158029,53942.0236602309,29149.5487225697,13638.8993161137,ADB
USA,11.0,2017,2.55413508409457,1.98980356553508,157517.163794663,61671.4302918328,24639.1857242618,12382.7226722433,ADB
USA,11.0,2018,2.62898059807013,2.13637643533754,174173.489169718,66251.3406518003,30921.8707773148,14473.9804586121,ADB
USA,11.0,2019,2.57366345690952,1.96588041081797,166905.252634429,64851.2346034746,24203.1678572214,12311.6175958795,ADB
USA,11.0,2020,2.53111940718391,1.96509230189445,167910.208603432,66338.3197674765,13143.9121804816,6688.69964418985,ADB
USA,11.0,2021,2.55014003626522,2.03730259208486,172765.928040847,67747.6238888706,16147.846162437,7926.09120764541,ADB
USA,11.0,2022,2.59137510868708,2.0920434762623,183861.906539254,70951.4828335322,17735.5181734678,8477.6049707889,ADB
USA,11.0,2023,2.53958258136318,2.00461070112499,194708.516281934,76669.4958891313,17601.7537354263,8780.63442719732,ADB
USA,11.0,2024,2.52092433061433,2.00028564910847,197505.79642152,78346.5786826647,17578.3715449961,8787.93064022173,ADB
USA,12.0,2000,2.97743199937106,2.2398831256548,498837.325912186,167539.452124367,56463.7315945543,25208.3383047264,ADB
USA,12.0,2007,3.08072576855277,2.47415972745776,617384.168610326,200402.182794853,72846.8189379781,29443.0541931218,ADB
USA,12.0,2008,3.10860751096388,2.52558566847142,633520.375878261,203795.549500498,77242.4963719999,30583.9937786589,ADB
USA,12.0,2009,2.92382627556065,2.27213716335778,483835.477677431,165480.241326806,69444.658754565,30563.5856296366,ADB
USA,12.0,2010,3.09210706567162,2.46005380160783,521159.672094412,168545.157404248,68106.2125900832,27684.8467889485,ADB
USA,12.0,2011,3.15263001023407,2.55153314295297,582348.254084902,184718.235947283,80925.5743089334,31716.4503751167,ADB
USA,12.0,2012,3.09323533979592,2.50722417690466,615716.917392968,199052.72304098,99053.8346620048,39507.3705711842,ADB
USA,12.0,2013,3.06412484957085,2.52754812155054,605158.546275964,197498.005461729,108457.207355023,42910.0464716333,ADB
USA,12.0,2014,3.049306922088,2.53394900631966,627745.854204449,205865.093361807,119142.521005577,47018.5156482772,ADB
USA,12.0,2015,3.01484153529274,2.46872302047691,605886.013787359,200967.781123703,109769.030104317,44463.8905190392,ADB
USA,12.0,2016,2.99750836184405,2.44216960690945,603409.865127273,201303.813796889,106109.495918505,43448.8643287908,ADB
USA,12.0,2017,2.96201981190291,2.34798200196521,614508.104686896,207462.52345021,108832.06617499,46351.3204461959,ADB
USA,12.0,2018,3.07176874119082,2.42332181897525,707675.973244558,230380.615491978,126909.11658329,52369.8980422485,ADB
USA,12.0,2019,2.96979270572016,2.31347704726303,671238.896326105,226022.13785266,120202.282376947,51957.412985425,ADB
USA,12.0,2020,2.89375196106941,2.24796934634431,603622.161320096,208594.989978692,84528.4723514435,37602.1463499514,ADB
USA,12.0,2021,2.96108561080971,2.46168790002365,644696.476913607,217723.011641435,98926.3544678116,40186.3918114319,ADB
USA,12.0,2022,3.01143278116086,2.44512549984028,774160.037146584,257073.6567622,99234.96905162392,40584.81622236,ADB
USA,12.0,2023,2.97190836578844,2.3429001907456,806678.399464319,271434.479188698,96629.8430335349,41243.6873816565,ADB
USA,12.0,2024,2.94000419206571,2.32808966478414,792065.627968863,269409.693396505,92882.3620931364,39896.3852200892,ADB
USA,13.0,2000,1.80917810001356,2.25647706911896,228038.720959657,126045.479412971,409337.51397236,181405.572241062,ADB
USA,13.0,2007,1.81546730097346,2.34712623633986,271558.134498612,149580.295030928,523719.106079686,223132.05739474,ADB
USA,13.0,2008,1.85638243247887,2.36840764173233,280880.741881299,151305.429833352,531269.321099939,224314.983509912,ADB
USA,13.0,2009,1.80028488735201,2.14387713363356,248773.156017479,138185.438185504,398303.345315735,185786.460924963,ADB
USA,13.0,2010,1.84703695723101,2.28784478972791,257781.172754264,139564.707541487,463408.856454315,202552.576352624,ADB
USA,13.0,2011,1.84044876229593,2.35918575792598,288342.439287959,156669.636881527,557811.598161294,236442.423529922,ADB
USA,13.0,2012,1.84647516856901,2.40851280842945,304615.353912444,164971.2701788,630148.033340811,261633.665029882,ADB
USA,13.0,2013,1.88019375730979,2.37114906625472,315545.544421496,167826.078134088,582730.28759542,245758.605348189,ADB
USA,13.0,2014,1.87299254163975,2.37151975757674,325568.261260811,173822.508110889,599586.131294118,252827.803512287,ADB
USA,13.0,2015,1.87323566640623,2.30746361673012,314668.935306337,167981.499044391,546301.687343068,236754.193384521,ADB
USA,13.0,2016,1.86092389320693,2.27432868086744,304532.637180992,163645.938607511,515384.819803869,226609.647118946,ADB
USA,13.0,2017,1.90669977252085,2.25246799148799,291272.614636433,152762.70487584,464109.447552857,206044.858043139,ADB
USA,13.0,2018,1.97622038277613,2.29767101075839,358622.34613352,181468.802396289,534887.149377151,232795.359680584,ADB
USA,13.0,2019,1.87456544806198,2.21163963762863,309836.288108333,165284.326790861,488427.503011703,220844.071837764,ADB
USA,13.0,2020,1.73306723322576,2.07262005994193,327416.803256216,188923.312944296,508514.499852876,245348.633684036,ADB
USA,13.0,2021,1.72291927515599,2.25360749119516,318455.552724998,184834.865635922,613570.263285411,272261.37012884,ADB
USA,13.0,2022,1.7479987170498,2.28392293059097,358783.622133013,205253.9390524,699252.8223595,306163.055238719,ADB
USA,13.0,2023,1.75309250718196,2.13513794395225,410678.699375547,234259.571410581,667426.504578118,312591.749150727,ADB
USA,13.0,2024,1.76488033696467,2.13449529687886,437885.019835578,248110.316979719,694903.725084196,325558.798888108,ADB
USA,14.0,2000,2.25212123153842,2.23804354307749,611382.195063102,271469.486855939,555716.219190603,248304.471514638,ADB
USA,14.0,2007,2.26285375183952,2.08474327249395,631510.913852832,279077.210950758,438791.535200446,210477.491876266,ADB
USA,14.0,2008,2.30154699081407,2.0062739628422,671330.869600806,291686.796871939,392541.126383213,195656.791471848,ADB
USA,14.0,2009,2.176529801725,1.73488219805678,618389.682540056,284117.25952475,304155.437388501,175317.631208148,ADB
USA,14.0,2010,2.30413254689229,1.76388201306593,690408.050611259,299639.034022783,285368.852786809,161784.547193601,ADB
USA,14.0,2011,2.35030654967339,1.8423050121904,697840.236374815,296914.560558831,293079.576088882,159083.091100331,ADB
USA,14.0,2012,2.39714475108051,1.81951784620052,740567.36659994,308937.274758285,277969.956614113,152771.2174929,ADB
USA,14.0,2013,2.12648064807212,1.80685856667329,668306.047142242,314277.982142998,391602.528375696,216731.146310304,ADB
USA,14.0,2014,2.13086554760561,1.82280509584046,689860.204170608,323746.472388079,402600.361828459,220868.573797149,ADB
USA,14.0,2015,2.1417842720745,1.7445307765442,722243.82288111,337215.95227775,387485.967410086,222114.721402434,ADB
USA,14.0,2016,2.13756089966053,1.72787905184202,740222.100351088,346292.870752194,387862.114752996,224472.953902366,ADB
USA,14.0,2017,2.13594627166968,1.57893999661001,726775.278620455,340259.157386169,312529.375009279,197936.194966421,ADB
USA,14.0,2018,2.26143652583117,1.6289177400471,812663.931293581,359357.391645071,330816.061035343,203089.482606886,ADB
USA,14.0,2019,2.14747709103649,1.49515896384963,798537.244033109,371849.016395183,309730.824456939,207155.782057759,ADB
USA,14.0,2020,2.04473343675402,1.47991624276212,802789.083692117,392613.075749636,348524.421626218,235502.801817845,ADB
USA,14.0,2021,2.08253906578303,1.68875494059353,760516.728508557,365187.256750261,402927.098314695,238594.178841059,ADB
USA,14.0,2022,2.01673451571951,1.72870835324983,776498.432901319,385027.591311039,476897.696539041,275869.377065549,ADB
USA,14.0,2023,1.99031435315789,1.70535649270304,801722.085737602,402811.78923599,491930.279915817,288461.844793573,ADB
USA,14.0,2024,1.97357663188009,1.68149402887457,802046.245324346,406392.248655829,492895.172345104,293129.302799249,ADB
USA,15.0,2000,1.79427088860752,2.52699109098726,377222.005792018,210236.931439471,914850.75553043,362031.650524344,ADB
USA,15.0,2007,1.819005532502,2.63334560137137,439060.381498076,241373.857117498,1139461.5763564,432704.911866868,ADB
USA,15.0,2008,1.84359434358285,2.64972356173752,388266.43710677,210602.966134194,1000771.04152613,377688.848745373,ADB
USA,15.0,2009,1.81082665526815,2.50251878181671,317672.456120357,175429.522862482,789969.087187123,315669.593741727,ADB
USA,15.0,2010,1.86804788394079,2.61220138317087,378758.389142766,202756.252877066,925218.705289455,354191.185737127,ADB
USA,15.0,2011,1.8356953097324,2.65002734223714,419096.387298434,228303.893939527,1089367.40847181,411077.799503823,ADB
USA,15.0,2012,1.81900237170583,2.639346797893,438862.646389179,241265.571290939,1187529.92673575,449933.266702111,ADB
USA,15.0,2013,1.82095602326919,2.66678504314625,462909.209022566,254212.184757488,1267900.31194791,475441.511570822,ADB
USA,15.0,2014,1.77464530457792,2.69826976389175,474431.735839454,267338.906887814,1452271.73692397,538223.329764233,ADB
USA,15.0,2015,1.79830669958042,2.68275362901638,507441.298695749,282177.283115358,1525900.62437234,568781.496693682,ADB
USA,15.0,2016,1.78312861321584,2.63822079483225,517327.483437804,290123.482739034,1485307.41787513,562995.872363887,ADB
USA,15.0,2017,1.79365150106394,2.60808747160859,553189.738680573,308415.396386888,1554670.80685046,596096.114020127,ADB
USA,15.0,2018,1.8554017689804,2.67008706485846,557644.125263861,300551.683515051,1562684.17107678,585255.886088351,ADB
USA,15.0,2019,1.79141916709498,2.55641181837733,567616.854624045,316853.17710679,1524807.37332157,596463.903961075,ADB
USA,15.0,2020,1.70062850339914,2.50881301973688,502365.17728183,295399.716209464,1372858.48149344,547214.348256778,ADB
USA,15.0,2021,1.657214706017,2.64313229498459,478762.959840162,288896.156968602,1543246.33770019,583870.25902129,ADB
USA,15.0,2022,1.68646651355901,2.67182919688155,531105.347771906,314921.964653241,1715899.56548498,642219.033869272,ADB
USA,15.0,2023,1.71154317802019,2.59198648565369,623611.868083728,364356.491902871,1840680.9359545,710142.952574184,ADB
USA,15.0,2024,1.72282805007698,2.59228801205275,659303.693018957,382686.881020712,1923722.95445482,742094.607354791,ADB
USA,16.0,2000,1.58920000013904,2.0815736485115,147169.30507032,92605.90552318428,248918.527165019,119581.897735407,ADB
USA,16.0,2007,1.61288743302859,2.19921559916627,168895.53503274,104716.257051862,311918.44859058,141831.682491171,ADB
USA,16.0,2008,1.5913410826234,2.21061402502151,165660.637750019,104101.276312756,321142.757299317,145273.102253204,ADB
USA,16.0,2009,1.54325227377486,1.97327145829487,163398.002383163,105878.996687615,262252.826955459,132902.559276905,ADB
USA,16.0,2010,1.58517973687499,2.07071096825375,163841.447099155,103358.277479721,269091.105536199,129951.069783112,ADB
USA,16.0,2011,1.58208172497859,2.1535895555278,159372.085373189,100735.684419429,289680.3077264,134510.453481191,ADB
USA,16.0,2012,1.60756997304478,2.15434614340169,164048.637218778,102047.587333362,291313.469482404,135221.292258274,ADB
USA,16.0,2013,1.648204069005,2.20915453211728,168537.255867664,102255.090274961,304742.073190536,137945.113734741,ADB
USA,16.0,2014,1.66784821145805,2.21004741732818,176084.257643843,105575.709128775,308996.422322048,139814.385835941,ADB
USA,16.0,2015,1.66155525142648,2.19501389713226,182356.816667689,109750.678775883,323311.032351292,147293.387423966,ADB
USA,16.0,2016,1.65773014990983,2.12888762054077,183974.44007,110979.727357922,300033.223261285,140934.270257568,ADB
USA,16.0,2017,1.66710950587832,1.99420426739696,201171.612713776,120670.904943217,273162.974636896,136978.432502031,ADB
USA,16.0,2018,1.71404914218142,2.02653569075312,203938.510758372,118980.550638604,265242.450255678,130884.667596013,ADB
USA,16.0,2019,1.68321567578575,1.93875433844146,216277.326694003,128490.561135632,270315.468526871,139427.395811361,ADB
USA,16.0,2020,1.46675055593171,1.92972955084722,183490.745199409,125100.170889556,310633.44735,160972.52965506,ADB
USA,16.0,2021,1.45296114656773,2.02129366004703,186046.69029057,128046.569400744,349121.105444436,172721.615045442,ADB
USA,16.0,2022,1.44355021754804,2.04515762412781,197849.065682359,137057.279530197,388932.716100675,190172.489157916,ADB
USA,16.0,2023,1.47591254520761,1.92211425405619,219840.320816577,148952.132381024,362945.665930895,188826.270428503,ADB
USA,16.0,2024,1.46587385216797,1.92197828957894,233996.831199863,159629.582623219,388089.985438676,201922.148414953,ADB
USA,17.0,2000,2.14413616383611,1.93703724210254,387078.395437347,180528.831128345,265912.31641967,137277.854364347,ADB
USA,17.0,2007,1.98974055743564,1.90187580103637,465364.335246683,233881.916668795,381250.529366516,200460.266206009,ADB
USA,17.0,2008,2.01991084211116,1.97053487052825,485289.241613024,240252.802992934,421458.580457253,213880.295528224,ADB
USA,17.0,2009,1.81963766060772,1.62671343208908,459383.28039854,252458.657206026,321718.823211064,197772.279287017,ADB
USA,17.0,2010,1.87263950097461,1.67323135621342,502168.121309818,268160.594203244,345146.199123716,206275.239728231,ADB
USA,17.0,2011,1.86249340473056,1.59822300352254,508675.039985902,273115.082552193,323310.540670466,202293.759980852,ADB
USA,17.0,2012,1.85041596563543,1.54028348069253,487680.025030399,263551.565749127,292737.946014844,190054.590394767,ADB
USA,17.0,2013,1.85506105077348,1.60585584021841,503124.786834016,271217.374018088,325276.638650165,202556.562366099,ADB
USA,17.0,2014,1.86588054950265,1.62418983199385,524972.203481868,281353.596628573,348533.905037435,214589.389843413,ADB
USA,17.0,2015,1.82504075401404,1.53110442258056,519785.068364182,284807.376065961,321651.029048102,210077.787187097,ADB
USA,17.0,2016,1.81051749311518,1.47252450999999,525237.881442278,290103.731910678,304621.795334083,206870.441385105,ADB
USA,17.0,2017,1.87545580569393,1.67483012831916,584103.632905439,311446.226102523,409103.725944923,244265.802858166,ADB
USA,17.0,2018,1.82989640890611,1.64709568855384,584903.987530619,319637.759101494,398403.828344117,241882.624739257,ADB
USA,17.0,2019,1.77329338517258,1.70422273024785,590205.585759257,332830.196454953,506283.8955056,297076.131258952,ADB
USA,17.0,2020,1.97953919612961,1.54452117639555,559955.203573313,282871.490833895,272016.402306908,176116.978170356,ADB
USA,17.0,2021,1.98850766161332,1.56818589777731,629460.999703291,316549.446529462,312698.768039858,199401.594213458,ADB
USA,17.0,2022,2.00953549466549,1.60416602008365,721069.662822765,358824.049008796,363633.846021429,226680.930445383,ADB
USA,17.0,2023,1.95206770089927,1.44640238799364,706736.214807293,362044.930348325,308600.373597647,213357.206928923,ADB
USA,17.0,2024,1.93900027032737,1.45021202608362,687468.388603039,354547.855987131,306097.366458142,211070.768241231,ADB
USA,18.0,2000,1.20322650734113,2.0034309646687,555260.423679696,461476.222716119,1602897.63096794,800076.298727371,ADB
USA,18.0,2007,1.24734893073924,1.99280761190393,893957.192916438,716685.741163571,2240431.57590536,1124258.84090479,ADB
USA,18.0,2008,1.26319956555593,2.03182373222377,832243.984142675,658838.086107484,2146477.73534335,1056429.10913049,ADB
USA,18.0,2009,1.27235738785386,1.90281394244653,749053.251712306,588712.93463841,1694602.64900069,890577.166373853,ADB
USA,18.0,2010,1.30674551784495,1.94893828382545,709232.583708015,542747.286309933,1564721.52800629,802858.428608113,ADB
USA,18.0,2011,1.32152075823488,1.96044403211934,723802.598889662,547704.297779192,1556550.23283665,793978.408633243,ADB
USA,18.0,2012,1.31563570188987,1.95602606755919,769739.74451355,585070.581018622,1660300.11725187,848812.878717748,ADB
USA,18.0,2013,1.31374488577963,1.95509085987741,815454.12834758,620709.650080696,1754367.12665388,897332.785220979,ADB
USA,18.0,2014,1.30248586684484,1.94786865215559,865105.008280535,664195.313209945,1884492.10119687,967463.6424337,ADB
USA,18.0,2015,1.28495472502279,1.91479036247863,936474.342619659,728799.485602927,2034597.77127982,1062569.46512208,ADB
USA,18.0,2016,1.28832931785476,1.89498454202135,1008436.92159746,782747.786316505,2131841.93426447,1124991.72789582,ADB
USA,18.0,2017,1.31971818891494,1.96627683197644,1054260.88298398,798853.036837195,2434567.33087428,1238161.02152164,ADB
USA,18.0,2018,1.29851482690914,1.96981488430533,1095532.16689631,843680.906982026,2654627.61858729,1347653.34536675,ADB
USA,18.0,2019,1.30006317258119,1.91761042283003,1169359.27797587,899463.428114943,2628881.14236986,1370915.13013896,ADB
USA,18.0,2020,1.24862827224345,1.95930846295193,1120631.70991085,897490.257766925,2932728.46676876,1496818.14896581,ADB
USA,18.0,2021,1.26126580668441,1.98012038125064,1278510.72927301,1013672.7107777,3249410.63570179,1641016.7111403,ADB
USA,18.0,2022,1.2711686550915,2.02217222779301,1401929.29811816,1102866.47841961,3656574.8179245,1808241.04280933,ADB
USA,18.0,2023,1.25218754937467,1.93663506505588,1526413.38636709,1218997.41546653,3760186.25940905,1941608.06403686,ADB
USA,18.0,2024,1.24952814667435,1.93251534816903,1637803.65738193,1310737.7066623,4039074.09094146,2090060.54972257,ADB
USA,19.0,2000,1.42219291010256,1.52424956642167,300788.962103026,211496.597941368,342964.833453625,225005.695267324,ADB
USA,19.0,2007,1.35154050827752,1.52813447955969,317086.203093843,234610.950357646,399778.410566237,261612.06092374,ADB
USA,19.0,2008,1.36946039041666,1.51566216702147,293878.898882352,214594.668775297,354188.231318692,233685.473600446,ADB
USA,19.0,2009,1.37666298705849,1.40031548096937,272627.403102774,198034.962562112,279180.693128088,199369.854095182,ADB
USA,19.0,2010,1.33202990223393,1.58373294187001,284105.934536846,213287.955518398,399923.920729474,252519.796839775,ADB
USA,19.0,2011,1.34859089471054,1.5762765339093,299379.857556766,221994.571319588,405205.155914759,257064.764460976,ADB
USA,19.0,2012,1.33766230714262,1.61782154571776,313647.35009231,234474.237942977,460548.142509162,284671.782081401,ADB
USA,19.0,2013,1.34541342650937,1.62097301989524,329021.016371795,244550.121092093,474986.834869714,293025.749990837,ADB
USA,19.0,2014,1.35540457000807,1.60925321350874,345536.965893362,254932.714216321,483527.004830285,300466.701431048,ADB
USA,19.0,2015,1.34012919615152,1.61010217400244,364893.46040615,272282.300433438,524535.22747921,325777.603402215,ADB
USA,19.0,2016,1.33371853655201,1.59656563660925,380748.407138378,285478.829830698,543503.793022061,340420.575615257,ADB
USA,19.0,2017,1.35552449440242,1.35004710592324,281318.979513126,207535.150176055,276171.948701216,204564.675920958,ADB
USA,19.0,2018,1.32895203747084,1.62655391545487,486782.705403723,366290.649834232,737369.960535368,453332.6276671,ADB
USA,19.0,2019,1.40892896134641,1.37243714298151,317905.830513304,225636.521950337,299796.150766649,218440.714971737,ADB
USA,19.0,2020,1.19323084182685,1.35141474804253,389515.878344249,326437.990613699,488151.119211672,361214.882343662,ADB
USA,19.0,2021,1.19379625966433,1.45778039223345,497927.248635189,417095.668213265,724236.211094555,496807.485512244,ADB
USA,19.0,2022,1.20543020349923,1.601349909522,529956.797450308,439641.213495318,927375.470028848,579121.068115381,ADB
USA,19.0,2023,1.19228469546728,1.54737167248161,558628.143703315,468535.867169188,937646.080568907,605960.479465901,ADB
USA,19.0,2024,1.1927498855329,1.55577197753541,568332.462752583,476489.22011731,962498.809294394,618663.160921014,ADB
USA,20.0,2000,2.00585901315109,1.53820071381187,1252887.66579629,624614.022013479,663372.629208081,431265.323992831,ADB
USA,20.0,2007,1.96400485061885,1.58275369438537,1690667.92471934,860826.756200025,1034373.59364377,653527.833997854,ADB
USA,20.0,2008,2.00925813464221,1.60028147917866,1765305.75449189,878585.844225658,1028235.19444978,642533.959074196,ADB
USA,20.0,2009,1.8866709699248,1.41677406537837,1555013.99671985,824210.48582829,810461.852489342,572047.352005203,ADB
USA,20.0,2010,1.94183680279781,1.54128415163585,1686442.05858013,868477.750627807,992236.845337468,643772.820400673,ADB
USA,20.0,2011,1.97728278086107,1.59690528168953,1794160.59266691,907386.950431834,1097396.99308377,687202.306653228,ADB
USA,20.0,2012,1.9912531766474,1.59366089737509,1916724.81289109,962572.130640975,1150808.54197928,722116.319647904,ADB
USA,20.0,2013,2.01363191529592,1.59732343186127,2017650.10220985,1001995.49226619,1173697.48369418,734790.124706643,ADB
USA,20.0,2014,1.99912812140642,1.61228717222171,2088299.13944578,1044604.95407199,1249725.35348713,775125.780951927,ADB
USA,20.0,2015,1.98307133343898,1.54875972786681,2169290.83292428,1093904.58948462,1228775.26887561,793393.091753534,ADB
USA,20.0,2016,1.95790550802861,1.53963539485232,2148966.73907364,1097584.50050912,1230226.16808064,799037.338446382,ADB
USA,20.0,2017,2.00061606180902,1.59486462835816,2330633.36857321,1164957.84126904,1379199.40494572,864775.216919532,ADB
USA,20.0,2018,2.09123898563115,1.56904300962268,2388830.61630492,1142303.97994611,1216721.89215794,775454.773830919,ADB
USA,20.0,2019,2.0400713683489,1.55781333446293,2599266.05211682,1274105.45162471,1366774.32973948,877367.204082054,ADB
USA,20.0,2020,1.98844871161319,1.5047891571214,2515825.77819177,1265220.35167341,1310752.78184315,871054.11122882,ADB
USA,20.0,2021,2.02671288940748,1.65541833078625,2867553.7033634,1414879.09725671,1799481.63251057,1087025.31501865,ADB
USA,20.0,2022,2.06114988247949,1.68630313325783,3283601.43808546,1593092.02401884,2081693.51835822,1234471.71347925,ADB
USA,20.0,2023,2.00318976710829,1.61158544347019,3309346.59518725,1652038.48857738,2029713.62808667,1259451.45279802,ADB
USA,20.0,2024,2.00518238741814,1.61356431494277,3421209.86366167,1706183.87889733,2081493.70387545,1289997.35839428,ADB
USA,21.0,2000,1.18920572981927,1.56394344480157,652790.363275506,548929.715781571,1094871.53145176,700071.051220575,ADB
USA,21.0,2007,1.18173327754498,1.64012316237359,840993.433700215,711660.955716974,1595022.70624461,972501.786961104,ADB
USA,21.0,2008,1.18226158465358,1.63697995968988,835338.377602173,706559.689027652,1576704.7453102,963179.0150985732,ADB
USA,21.0,2009,1.16891857496389,1.5656677761365,830742.957392486,710693.606197635,1484649.08048433,948252.945556498,ADB
USA,21.0,2010,1.17169824691729,1.62185133276237,844260.961170324,720544.699449329,1613805.55761003,995039.141387489,ADB
USA,21.0,2011,1.17366186899693,1.64158544925856,864645.860904329,736707.806349115,1685910.41336573,1027001.31395974,ADB
USA,21.0,2012,1.17249310668563,1.6442955773106,898125.879941906,765996.725115683,1766679.76782833,1074429.5564657,ADB
USA,21.0,2013,1.17811927433704,1.66675463222157,933262.006414275,792162.582128577,1864552.42992714,1118672.41517243,ADB
USA,21.0,2014,1.18114655117213,1.66582384110567,963670.612155327,815877.260276475,1908333.12831274,1145579.19104226,ADB
USA,21.0,2015,1.18070153380877,1.6442501541371,1019900.60416381,863808.994025577,1975719.21162565,1201592.83954119,ADB
USA,21.0,2016,1.18109556573726,1.63663566373147,1058650.0133115,896328.835720139,2036685.24074371,1244434.10703892,ADB
USA,21.0,2017,1.21853430657286,1.59178733180036,1064454.01086293,873552.763448014,1778070.28575364,1117027.538938,ADB
USA,21.0,2018,1.24402086626283,1.6217901391275,1155229.18182707,928625.2450873288,1925756.52625292,1187426.46153278,ADB
USA,21.0,2019,1.24180456697147,1.60017510896344,1167669.9841899,940300.925964248,1916162.67431399,1197470.61654724,ADB
USA,21.0,2020,1.27564342532267,1.62043372475534,1270636.80615607,996075.22049876,2089929.05846621,1289734.36342283,ADB
USA,21.0,2021,1.28335064342257,1.58738746893602,1573044.49250812,1225732.42205494,2428464.96749037,1529850.15631886,ADB
USA,21.0,2022,1.2927661481324,1.59802269314503,1686001.52409078,1304181.36839867,2597970.59216345,1625740.73779294,ADB
USA,21.0,2023,1.27807087146272,1.50511992542796,1825852.57956069,1428600.41671324,2533742.73111168,1683415.84501397,ADB
USA,21.0,2024,1.27722713831105,1.50737198514972,1913570.19277205,1498222.30938694,2658666.5534537,1763776.01524128,ADB
USA,22.0,2000,1.47651145263358,1.88554357039646,422781.63302742,286338.200948815,728768.304267906,386503.030590097,ADB
USA,22.0,2007,1.40147767742251,1.89203783241716,552490.594064523,394220.045716763,1051959.82564004,555993.018541343,ADB
USA,22.0,2008,1.40281458462419,1.91645556747041,554977.165366256,395616.905790107,1086614.65610311,566991.833542675,ADB
USA,22.0,2009,1.38007914848894,1.83648590715524,531857.786722538,385382.09008148,1010763.29373574,550379.009061622,ADB
USA,22.0,2010,1.39516730108245,1.87469477164941,552772.242309425,396204.986943539,1054686.7334275,562591.174508667,ADB
USA,22.0,2011,1.40324872847852,1.91061882495863,581068.724161517,414088.188621801,1132841.01864293,592918.380079011,ADB
USA,22.0,2012,1.41253921801966,1.9031980875442,621375.828663531,439899.877282476,1190741.69759732,625653.054923881,ADB
USA,22.0,2013,1.42021910954237,1.90562346400824,654681.982864438,460972.520694636,1236577.45516047,648909.650052,ADB
USA,22.0,2014,1.42744322965045,1.91919300996696,696054.165329576,487623.010758911,1321364.96995406,688500.303560821,ADB
USA,22.0,2015,1.40618759413873,1.88725906268183,742162.2340129,527783.232554732,1411237.23583221,747770.808861191,ADB
USA,22.0,2016,1.39976524104352,1.86498566992437,782941.110478136,559337.442823238,1471897.76979244,789227.388461453,ADB
USA,22.0,2017,1.42270820996451,1.76682562700849,869000.800066463,610807.468446494,1387100.14075341,785080.38345696,ADB
USA,22.0,2018,1.44020864956482,1.78905243023867,916407.121710388,636301.637257416,1452696.02909903,811991.870414457,ADB
USA,22.0,2019,1.44540948612979,1.78223307251353,971829.893844354,672356.106120844,1521430.20035347,853665.114747172,ADB
USA,22.0,2020,1.35683866605502,1.70329951251541,709161.095432522,522656.903266469,1177861.31807329,691517.439780067,ADB
USA,22.0,2021,1.36317900585414,1.75940435076462,938096.849978547,688168.498744417,1659870.21434549,943427.367122359,ADB
USA,22.0,2022,1.37405288953433,1.78773071258209,1102387.91702274,802289.289895046,1983839.32781923,1109696.95483605,ADB
USA,22.0,2023,1.35658314205164,1.73206665179452,1236228.57165575,911281.095374756,2147898.67764743,1240078.53590512,ADB
USA,22.0,2024,1.35465349733367,1.7325284839661,1294944.10316745,955922.754945273,2253556.15760255,1300732.52962844,ADB
USA,23.0,2000,2.2798653591781,1.93677036647649,340401.261733621,149307.616067441,200817.469380028,103686.773019648,ADB
USA,23.0,2007,2.23059992811313,2.09115365524986,433375.118032617,194286.349860689,333304.907078835,159388.051778056,ADB
USA,23.0,2008,2.29255550868388,2.08945258695027,460948.983087279,201063.390326327,320364.424879156,153324.572608156,ADB
USA,23.0,2009,2.16084971810768,1.91460314998537,400424.410172495,185308.773126137,258850.022177057,135197.74172472,ADB
USA,23.0,2010,2.2610565751286,1.99611713209005,441173.93324126,195118.484912819,279555.785604581,140049.790220412,ADB
USA,23.0,2011,2.29118284602109,2.06102514926378,478773.200076499,208963.331280148,322116.065852241,156289.245653943,ADB
USA,23.0,2012,2.27276709000469,2.05681503315788,507208.811312905,223167.9671637,347327.253086724,168866.547301272,ADB
USA,23.0,2013,2.28941718341353,2.08993354413081,521480.828033148,227778.856475436,361029.551464566,172746.905028847,ADB
USA,23.0,2014,2.29308390309666,2.09991872403853,549273.675627684,239534.922767512,386060.381372898,183845.392182814,ADB
USA,23.0,2015,2.24456740560428,1.99912159919549,560770.228206225,249834.434379687,375816.173965502,187990.652552973,ADB
USA,23.0,2016,2.21814558761498,1.9574239733376,556532.017257952,250899.679608656,363135.842926198,185517.214396335,ADB
USA,23.0,2017,2.28291124654706,1.9642738876703,648020.253000446,283856.962893581,400174.815155096,203726.587044191,ADB
USA,23.0,2018,2.24319692809191,1.99584937465563,680109.603847383,303187.649434726,495226.604520439,248128.245953374,ADB
USA,23.0,2019,2.21294089026657,1.99266058961835,689538.134043582,311593.561796638,508508.329319915,255190.639072812,ADB
USA,23.0,2020,2.24561677380798,1.89278899334712,655332.212275122,291827.269870206,391980.0867663,207091.275437492,ADB
USA,23.0,2021,2.25730473608973,1.89219066048019,825116.110329144,365531.555016568,477734.335969483,252476.849160774,ADB
USA,23.0,2022,2.31310576598151,1.97374154755528,952617.789804894,411834.946682897,588688.021738633,298259.933002775,ADB
USA,23.0,2023,2.2274475227204,1.88056988025061,951132.2434430572,427005.455231301,575145.406592344,305835.700461021,ADB
USA,23.0,2024,2.21488664233938,1.87842029097943,967686.814757359,436901.282557414,588664.890122742,313382.948933012,ADB
USA,24.0,2000,2.16400479788982,2.364615230665,17563.0781226216,8116.0070161341,33098.6866405077,13997.4936350213,ADB
USA,24.0,2007,2.34963362033417,2.40146357618612,34493.0560881015,14680.1849401507,53782.5714593654,22395.7473237134,ADB
USA,24.0,2008,2.30691212008745,2.39793591280887,39292.4975425071,17032.5073072214,60751.189167301,25334.7843212952,ADB
USA,24.0,2009,2.25838361816522,2.20743464277074,38177.8068312445,16904.92550697,45131.4397603063,20445.1986418306,ADB
USA,24.0,2010,2.33602554073199,2.34784885485785,37209.7380267061,15928.6520536271,49608.1050105714,21129.1731611808,ADB
USA,24.0,2011,2.35104818006221,2.41882474032173,36646.3000503583,15587.2178040131,51447.1136978767,21269.4672913895,ADB
USA,24.0,2012,2.39050780787234,2.4621501312772,35855.825397332,14999.2504852956,55685.0528841869,22616.4327580224,ADB
USA,24.0,2013,2.37379094175133,2.43736342822667,40787.7089098554,17182.5194007031,53170.7739180375,21814.8731134128,ADB
USA,24.0,2014,2.35266394867675,2.38941955107478,43738.0229795608,18590.8501739746,55749.2418990404,23331.7091064916,ADB
USA,24.0,2015,2.36690932767197,2.33201514135283,42458.7482469586,17938.4768780813,52441.040411632,22487.4356438399,ADB
USA,24.0,2016,2.34049111478014,2.30583470800411,41129.0792436102,17572.8414365178,49946.0613434248,21660.7292665211,ADB
USA,24.0,2017,2.43899814536512,2.42172523900482,31694.3300187854,12994.8151371147,44178.8229387106,18242.7065742873,ADB
USA,24.0,2018,2.4604385977714,2.37665130603342,36787.8623699619,14951.7498235003,47611.9247674956,20033.1974011614,ADB
USA,24.0,2019,2.35594092091495,2.40393725723204,33756.8153687669,14328.3794042073,45656.7506507002,18992.4884742086,ADB
USA,24.0,2020,2.06758757595002,2.25779683221679,23276.8192708203,11257.9605050707,40966.9035338711,18144.6368199783,ADB
USA,24.0,2021,2.1501709183266,2.07063690739097,35598.9659716933,16556.3424136527,37847.2182389316,18278.0564298062,ADB
USA,24.0,2022,2.09609518334306,2.22238858233023,47208.4547878882,22522.0949711814,68777.7950023625,30947.6909435195,ADB
USA,24.0,2023,2.06076728134239,2.18594571630453,50432.6968826244,24472.7763970381,74870.857656338,34251.0141481975,ADB
USA,24.0,2024,2.03909644903109,2.18910285566111,50751.6264920733,24889.2721657128,77283.536910836,35303.7486160039,ADB
USA,25.0,2000,1.76409164892886,2.07675337465707,98851.6560112225,56035.4424166365,158028.038184569,76093.791450159,ADB
USA,25.0,2007,1.8608085940315,2.1702709536619,126761.013215376,68121.4680660647,192463.963697517,88681.9976891701,ADB
USA,25.0,2008,1.91521865642185,2.26917563226179,122985.15591388,64214.6814419871,203492.921048053,89677.0255042894,ADB
USA,25.0,2009,1.86460420626908,2.02827572646502,118600.781674415,63606.411095535,152111.791340715,74995.6178817083,ADB
USA,25.0,2010,1.91618919018392,2.06504218989569,138425.55327199,72240.0240963181,169235.553255696,81952.5887092139,ADB
USA,25.0,2011,1.98282469974499,2.16043134486223,147431.41084749,74354.2335671181,186914.510785662,86517.2185314601,ADB
USA,25.0,2012,1.99678796287385,2.19559350294646,150333.489576534,75287.65816485,198842.684957164,90564.4349422236,ADB
USA,25.0,2013,2.02328308433889,2.17336409874248,165339.416494922,81718.3802774425,198369.803303062,91273.1573222541,ADB
USA,25.0,2014,2.04293194149279,2.16344421110494,171223.707035952,83812.7318675322,202076.089270735,93404.8071281341,ADB
USA,25.0,2015,2.02839363024901,1.98807273749966,193982.940887962,95633.7754147588,189044.010601287,95089.08151873872,ADB
USA,25.0,2016,2.01290373770921,1.89325386331934,205662.629237003,102172.113541335,180023.540606277,95086.8470912035,ADB
USA,25.0,2017,2.09887798883875,1.66273642624347,282834.753073677,134755.214251478,158402.679264075,95266.2591400286,ADB
USA,25.0,2018,2.02987600820806,1.71554174788915,280751.549073359,138309.70361643,183382.407487596,106894.750718386,ADB
USA,25.0,2019,1.99839589716727,1.72715994156803,292057.62996472,146146.031614012,204505.398844977,118405.594017722,ADB
USA,25.0,2020,1.88224787102656,1.7956830305414,113883.235622261,60503.8461593002,104847.857775831,58388.8447975249,ADB
USA,25.0,2021,1.932972896001,1.84002738593042,193375.125624621,100040.267519882,177538.546667672,96486.904502184,ADB
USA,25.0,2022,1.94792153947909,1.90113799375407,284558.16036435,146082.968229021,281758.9048219,148205.393689243,ADB
USA,25.0,2023,1.92508066625918,1.78191250819319,320644.023846505,166561.344397885,277803.749954074,155902.01464816,ADB
USA,25.0,2024,1.94940031277876,1.7732476883528,329373.020214994,168961.202096809,277065.294444991,156247.373824218,ADB
USA,26.0,2000,2.85890622334003,1.61999781820355,143943.746468235,50349.2368140943,7824.98734798098,4830.24560900848,ADB
USA,26.0,2007,2.82571871996369,1.85218275536262,231856.326183522,82052.1605867766,15887.3428869936,8577.63243988479,ADB
USA,26.0,2008,2.86025016431388,1.81136838816076,258224.424276923,90280.3634097039,14286.5472462847,7887.15721200762,ADB
USA,26.0,2009,2.744979869107,1.69955099566927,245305.823670971,89365.2541615082,13790.2718324028,8114.06769643434,ADB
USA,26.0,2010,2.83478298248795,1.75093310777071,266813.966877355,94121.4789723288,12563.6907442262,7175.4258848999,ADB
USA,26.0,2011,2.85722437234569,1.80749995182951,276175.74543733,96658.7531978101,13899.7426105868,7690.03761052262,ADB
USA,26.0,2012,2.84164086865828,1.81785705477947,285934.396539403,100622.988532119,16706.3180804558,9190.11648167376,ADB
USA,26.0,2013,2.8495070947263,1.85579938978475,291545.385485905,102314.321668291,17821.6186666106,9603.20321512645,ADB
USA,26.0,2014,2.86497130622839,1.86780564337401,303971.058495739,106099.163309214,17916.474203843,9592.2583098521,ADB
USA,26.0,2015,2.84116835776039,1.82171370329056,322049.871546378,113351.210133932,18941.0622353344,10397.386922611,ADB
USA,26.0,2016,2.81679271754935,1.76709110154288,337223.021339513,119718.791957436,18763.9140553961,10618.5323659958,ADB
USA,26.0,2017,2.96118930671048,1.97766081891554,525028.203111826,177303.153811219,35151.8191345985,17774.4428156665,ADB
USA,26.0,2018,2.93915345725919,1.98126207662081,485315.521655614,165120.851535319,37690.7259742455,19023.5943134439,ADB
USA,26.0,2019,2.95383834343131,1.89761469202665,626229.110220042,212005.207262828,40690.2590781409,21442.8457205313,ADB
USA,26.0,2020,2.94808876688208,1.84864669301229,664076.495337176,225256.614657336,62553.9005143196,33837.6720391017,ADB
USA,26.0,2021,2.9737773216623,1.79010882228375,873815.925867635,293840.402743802,70125.1774128816,39173.6952189412,ADB
USA,26.0,2022,3.00906504096682,1.7779990955485,1002192.20763487,333057.675387722,72913.7933501054,41008.9035099381,ADB
USA,26.0,2023,2.91406076620965,1.68675498492023,947590.6694504,325178.761005365,72426.8223879253,42938.555412866,ADB
USA,26.0,2024,2.91142586981579,1.68646162954974,984212.272999747,338051.634150664,76096.1203230465,45121.7620310539,ADB
USA,27.0,2000,2.23840500371421,1.92339313366783,617193.254841188,275729.036442052,395997.62980824,205884.913945331,ADB
USA,27.0,2007,2.09311407455909,1.81792425806244,737304.950632817,352252.636200982,488790.678146483,268872.961004129,ADB
USA,27.0,2008,2.07808121563056,1.79741036752585,761947.009523016,366658.917751593,506598.655394698,281849.189560443,ADB
USA,27.0,2009,1.9844325899613,1.76605234492817,694693.28587625,350071.496200229,500824.984317266,283584.450798164,ADB
USA,27.0,2010,2.01812330279061,1.83513210495697,700948.331357897,347326.81119565,536577.151084299,292391.566598896,ADB
USA,27.0,2011,2.02572375049933,1.91879291966502,692289.757784348,341749.341495207,592917.287823961,309005.355266514,ADB
USA,27.0,2012,2.01039972259837,1.94621314373658,693918.513816596,345164.449644735,631712.714559266,324585.576144258,ADB
USA,27.0,2013,2.02785314900523,1.9285679192956,754779.183758976,372206.036777976,641077.053309722,332410.928801446,ADB
USA,27.0,2014,2.04298152059894,1.95361581437288,785649.10700799,384560.065319466,681079.680884293,348625.188163171,ADB
USA,27.0,2015,2.01297311028797,1.93486319804597,806910.240879829,400854.952684587,711744.833335555,367852.79396205,ADB
USA,27.0,2016,1.9954940920828,1.91903602215021,833733.046569052,417807.82507797,739163.595660972,385174.424622194,ADB
USA,27.0,2017,2.04246570610018,1.84976819692732,908502.466177971,444806.717422266,704335.879275828,380769.806965981,ADB
USA,27.0,2018,2.08516013564349,1.81572331158686,937070.468265782,449399.761796519,636464.054580143,350529.208122521,ADB
USA,27.0,2019,2.09538632517332,1.83593716899105,981587.979905605,468452.031070888,686961.932018457,374175.077241876,ADB
USA,27.0,2020,1.78345879981281,1.77577143938875,652738.067699327,365995.596740356,644388.639829513,362878.141598742,ADB
USA,27.0,2021,1.79654935092685,1.7766985876589,697350.890573131,388161.277180258,677331.591276246,381230.443914938,ADB
USA,27.0,2022,1.81075591802329,1.83324014499249,689103.24590515,380561.090010082,710127.269091612,387361.836380972,ADB
USA,27.0,2023,1.76360589902401,1.77004169552065,684109.163168625,387903.648738767,691335.665735644,390575.921169073,ADB
USA,27.0,2024,1.76014746430907,1.77234143302898,690375.775996404,392226.10036677,701680.348688373,395905.854036928,ADB
USA,28.0,2000,2.19294335294408,1.88455278201607,1644685.85558922,749990.123265697,1104267.3507929,585957.242126999,ADB
USA,28.0,2007,2.24449219328196,1.92424580547587,2330544.80919941,1038339.45877603,1525630.64308452,792846.027645221,ADB
USA,28.0,2008,2.21008373002818,2.03550745230506,2001955.70847313,905827.992520267,1616054.49115618,793931.994366379,ADB
USA,28.0,2009,2.16297436211642,1.85498783132353,2095520.25656176,968814.190895605,1363003.86640086,734777.7938944,ADB
USA,28.0,2010,2.14932411848349,1.8424105046461,2161279.7229151,1005562.4948926,1431533.82157056,776989.611142895,ADB
USA,28.0,2011,2.12509934162631,1.82423274297677,2203348.17766334,1036821.26030736,1482169.60951558,812489.313779657,ADB
USA,28.0,2012,2.15370360276267,1.7332466721471,2458794.53930018,1141658.73899554,1398085.69478395,806628.229697988,ADB
USA,28.0,2013,2.16397113265921,1.80707172433685,2486199.14751242,1148905.87493986,1551691.7437978,858677.451979517,ADB
USA,28.0,2014,2.15868927181442,1.78850234878258,2638586.756975,1222309.66328804,1620652.44810441,906150.584150803,ADB
USA,28.0,2015,2.11779406657414,1.73962086294807,2822763.81604478,1332879.27310659,1713231.11686843,984830.173837467,ADB
USA,28.0,2016,2.0980170864846,1.73594261271293,2889988.80516443,1377485.82877694,1781216.40188103,1026080.23377993,ADB
USA,28.0,2017,2.1927440562102,1.83151203857363,3309850.69749189,1509456.01157502,2097524.26892572,1145241.86833042,ADB
USA,28.0,2018,2.18581973150474,1.81539665749918,3564990.95849317,1630962.93217144,2193466.47069589,1208257.41395686,ADB
USA,28.0,2019,2.19733979427683,1.8199285221742,3695610.98213465,1681856.84879517,2227722.51221594,1224071.43196732,ADB
USA,28.0,2020,2.07196608623498,1.74326217695321,3718953.02101371,1794890.87476885,2302004.85660689,1320515.57536241,ADB
USA,28.0,2021,2.07980439763284,1.75181915666965,3853459.59639587,1852799.04243963,2414995.42786876,1378564.34476939,ADB
USA,28.0,2022,2.11351204099506,1.78877622268374,4089997.8061677,1935166.550668,2593200.7721266,1449706.64258717,ADB
USA,28.0,2023,2.0830210890801,1.81561808762041,4198019.07435157,2015351.21096901,2857029.47395803,1573585.04711886,ADB
USA,28.0,2024,2.08399762019169,1.82485649413025,4509323.52053861,2163785.35025574,3101098.23434901,1699365.53604289,ADB
USA,29.0,2000,1.47744622510081,1.47896566469242,1632929.9443135,1105238.15795874,1598301.73706655,1080688.87278661,ADB
USA,29.0,2007,1.53083009664461,1.53496626005564,2557133.14632798,1670422.57134407,2458307.39632385,1601538.39227368,ADB
USA,29.0,2008,1.49099119443094,1.4863757608532,2563288.86744441,1719184.44389119,2432624.54177009,1636614.7819672,ADB
USA,29.0,2009,1.43698737530694,1.42147301103841,2502314.78510126,1741361.70442469,2362073.75806469,1661708.48107708,ADB
USA,29.0,2010,1.46420497979911,1.42582839490083,2612216.70585089,1784051.23728598,2384491.8100228,1672355.39602832,ADB
USA,29.0,2011,1.46215087133074,1.41244153480841,2703683.42058333,1849113.84563389,2429362.29183019,1719973.69941385,ADB
USA,29.0,2012,1.47299939169954,1.42532585758407,2811067.84235172,1908397.15086937,2530998.40032584,1775733.16786372,ADB
USA,29.0,2013,1.47901659595487,1.43874379768547,2906879.76115231,1965413.88994733,2640813.30896281,1835499.35242893,ADB
USA,29.0,2014,1.49299431075161,1.45267661808468,3073937.67736894,2058907.83054722,2798801.14225002,1926651.19504722,ADB
USA,29.0,2015,1.47606493275878,1.42907592736845,3205914.66519811,2171933.35743451,2893939.20966013,2025042.30477741,ADB
USA,29.0,2016,1.47042158261074,1.42739416134908,3362178.47044126,2286540.47941251,3051961.84832393,2138135.30345354,ADB
USA,29.0,2017,1.49280003580225,1.53634885956138,3402186.27343018,2279063.6333297,3527132.8348971,2295789.01494032,ADB
USA,29.0,2018,1.56468854536723,1.53432607303642,3892249.02312457,2487555.13335152,3440887.49405932,2242605.11147401,ADB
USA,29.0,2019,1.51633363765471,1.54504733563991,3790251.65746412,2499615.89147785,3852399.87587806,2493386.31057702,ADB
USA,29.0,2020,1.48777383907973,1.5386093819029,3813364.07964084,2563134.24760824,4074523.2489611,2648185.62585513,ADB
USA,29.0,2021,1.49889307415414,1.53801372998336,4259543.64015849,2841792.86275123,4468777.6376065,2905551.19924376,ADB
USA,29.0,2022,1.51131801859557,1.54242429374404,4784723.06211638,3165927.35826885,4932419.51314254,3197835.72726912,ADB
USA,29.0,2023,1.48613712310147,1.51730279254684,5122594.24818799,3446918.97440626,5291404.71484699,3487375.5857031,ADB
USA,29.0,2024,1.48269934039706,1.51255453482185,5429280.15745439,3661753.94399277,5586087.03179097,3693147.52175128,ADB
USA,30.0,2000,2.4429562793345,1.71578772981787,3040183.12296553,1244468.90379623,932292.0024889,543360.921801126,ADB
USA,30.0,2007,2.43702880923877,1.68780652156581,4507933.93000928,1849766.36834153,1234735.69083542,731562.341452461,ADB
USA,30.0,2008,2.44639943017816,1.66597830138772,4812827.26861786,1967310.49281979,1264939.95432523,759277.568784401,ADB
USA,30.0,2009,2.34080508113114,1.62569031815522,4352734.15588353,1859503.03635712,1217439.65838516,748875.505247929,ADB
USA,30.0,2010,2.38899092023514,1.66708361179379,4576988.38330931,1915866.79737519,1277716.8421209,766438.367626963,ADB
USA,30.0,2011,2.41981235941863,1.69223526931177,4864263.17170424,2010181.96835431,1357711.67305826,802318.505990269,ADB
USA,30.0,2012,2.41938153139094,1.69588357281018,5122037.37424233,2117085.4236031,1456269.19733774,858708.239578394,ADB
USA,30.0,2013,2.43819126173882,1.71995789085123,5295646.6791189,2171957.04136117,1533709.70120624,891713.517734549,ADB
USA,30.0,2014,2.45578824772758,1.73210085463556,5625360.00453611,2290653.52427736,1592409.19290281,919351.311813689,ADB
USA,30.0,2015,2.41742806972649,1.69895231645905,5902728.95927161,2441739.23236502,1676252.72005611,986639.062095486,ADB
USA,30.0,2016,2.40804814770183,1.69414018891986,6072467.01545744,2521738.2057966,1716956.61380002,1013467.84937244,ADB
USA,30.0,2017,2.42838417535471,1.63950292671947,6847698.97305439,2819858.17670474,1837943.33320217,1121036.93335868,ADB
USA,30.0,2018,2.46255352201019,1.64351430842925,7254787.00992041,2946042.36824802,1852598.86387679,1127217.97089029,ADB
USA,30.0,2019,2.42359246558173,1.63236776949609,7809724.77789216,3222375.41533932,2105245.83846293,1289688.43774268,ADB
USA,30.0,2020,2.30423858699297,1.62143279800647,7989934.56855075,3467494.47459675,2680685.09849393,1653281.65421952,ADB
USA,30.0,2021,2.36458945777682,1.6428969716203,9266936.496011147,3919046.69351097,2952264.98141669,1796987.29282155,ADB
USA,30.0,2022,2.39589393485594,1.6663762708456,10371491.2022429,4328860.74435782,3285043.2081578,1971369.41135799,ADB
USA,30.0,2023,2.33354202085588,1.61577892669526,10927125.8579786,4682635.13590845,3485962.65006593,2157450.25044716,ADB
USA,30.0,2024,2.33156668245347,1.61875056086861,11658827.8039271,5000426.49076572,3728610.31516725,2303387.81360268,ADB
USA,31.0,2000,1.2010840246071,1.62750825046493,1595285.46281241,1328204.71351641,2839698.0956039,1744813.33338413,ADB
USA,31.0,2007,1.18100067017133,1.70832526820416,2247863.22586195,1903354.74198828,4548856.54089839,2662757.86324947,ADB
USA,31.0,2008,1.17824566269419,1.72202211570598,2364924.25919475,2007157.19486468,4888593.8481281,2838868.21402634,ADB
USA,31.0,2009,1.16058743332111,1.66535642247704,2407980.19427607,2074794.30255888,4891931.34363072,2937468.08647394,ADB
USA,31.0,2010,1.16659048073644,1.69355790187823,2495065.97478255,2138767.64467294,5135118.45396227,3032148.14696752,ADB
USA,31.0,2011,1.1708838716895,1.70435186502462,2542164.24335198,2171149.76541937,5212395.06483819,3058285.77525739,ADB
USA,31.0,2012,1.17545049264713,1.70141161046747,2584739.39010984,2198935.13702051,5235263.25234551,3077011.59445309,ADB
USA,31.0,2013,1.17550623140338,1.69266486423156,2616303.50830146,2225682.38126478,5187452.52681191,3064666.04017737,ADB
USA,31.0,2014,1.1773437046679,1.67941138565701,2677962.71678431,2274580.23189558,5223144.79724771,3110104.43412253,ADB
USA,31.0,2015,1.17100520292158,1.6433401840211,2753577.03886265,2351464.39314928,5228508.10625336,3181634.67131906,ADB
USA,31.0,2016,1.16861132677132,1.63159544837706,2813074.91374563,2407194.6328962,5299925.69877779,3248308.70547573,ADB
USA,31.0,2017,1.18727182923698,1.67207913392345,2903252.10750571,2445313.73187851,5676126.55079416,3394651.86523524,ADB
USA,31.0,2018,1.00874456699144,1.21905444039757,2563121.41353433,2540902.32295255,3434223.60675462,2817120.78882599,ADB
USA,31.0,2019,1.00785082982901,1.68017736183196,2638309.41853319,2617757.84714173,6838937.93231819,4070366.66942199,ADB
USA,31.0,2020,1.23812291894042,1.67040502298423,3345675.62780469,2702216.05353037,6135795.23091589,3673238.0150259,ADB
USA,31.0,2021,1.2561313518749,1.75250304700763,3527188.96047316,2807977.80837847,6956028.24397104,3969196.09118417,ADB
USA,31.0,2022,1.28045496285964,1.81179560875417,3750457.366889,2929003.7335738,7676343.359644,4236870.49607236,ADB
USA,31.0,2023,1.26036567961788,1.75306808687146,3911202.40137435,3103228.26511758,7758732.89423101,4425802.3703331,ADB
USA,31.0,2024,1.26498482532,1.75397910802889,4164593.10216896,3292207.95286255,8210638.02087138,4681149.26984419,ADB
USA,32.0,2000,1.26388179181496,1.7597052758695,108683.174611166,85991.5660744624,213660.437115478,121418.307966319,ADB
USA,32.0,2007,1.22904219339631,1.71711723974134,170344.323502898,138599.247786743,337252.514757356,196406.224893624,ADB
USA,32.0,2008,1.23276441053318,1.71827696921353,184171.784840636,149397.389531209,362477.945645952,210954.317691787,ADB
USA,32.0,2009,1.22461101799415,1.6282517202627,200085.971904325,163387.368694473,362621.881270042,222706.278616144,ADB
USA,32.0,2010,1.23926765974879,1.69885976463129,209804.428993379,169297.106515237,404405.177255394,238045.061561136,ADB
USA,32.0,2011,1.25115841532327,1.71918685534718,219581.981295437,175502.940799629,425646.239082909,247585.791945199,ADB
USA,32.0,2012,1.25287562732068,1.68994279581717,229325.270550866,183039.134571789,426606.996302465,252438.720031455,ADB
USA,32.0,2013,1.25365840139399,1.72664951094924,231530.696733576,184684.038711126,449047.837762269,260068.899284256,ADB
USA,32.0,2014,1.25347924626854,1.73000648079299,241636.751601685,192772.837939686,468046.479647733,270546.084563332,ADB
USA,32.0,2015,1.24216514899843,1.70311853006412,250056.904703212,201307.293885064,480348.584261543,282040.607146386,ADB
USA,32.0,2016,1.23712233950881,1.68883525060286,258109.788606859,208637.238504108,492740.32438914,291763.405704167,ADB
USA,32.0,2017,1.19848926490627,1.55620359749035,298548.724621028,249104.212580808,496939.887982513,319328.324895223,ADB
USA,32.0,2018,1.10108716325251,2.47546304464805,282166.02842808,256261.300508297,3383073.31606633,1366642.62606567,ADB
USA,32.0,2019,1.31647425173396,1.50101928946496,361874.303346287,274881.413646833,461031.815750093,307145.830160801,ADB
USA,32.0,2020,1.14993323424546,1.50840926028393,292126.121056552,254037.462660372,489088.756613727,324241.417426505,ADB
USA,32.0,2021,1.16306023259334,1.46441855309618,316509.297042662,272134.914575254,486187.822997688,332000.589564886,ADB
USA,32.0,2022,1.17838696229927,1.57650334359945,343782.821530932,291740.177488167,608075.134670811,385711.287666832,ADB
USA,32.0,2023,1.16693106301854,1.57483662748165,363963.369327611,311897.918276453,661153.765082929,419823.716025828,ADB
USA,32.0,2024,1.16728948815175,1.57366217462924,385440.524500197,330201.315451312,699186.672291136,444305.444690417,ADB
USA,33.0,2000,1.03464961422923,1.71545648136582,615424.620575348,594814.526687675,1617564.8030238,942935.493027442,ADB
USA,33.0,2007,1.02575308809029,1.7607290198089,948851.166373176,925028.8177437672,2671729.58612295,1517399.64302566,ADB
USA,33.0,2008,1.02665718623819,1.74655830159502,1024231.10097037,997636.908112718,2808667.16204645,1608115.31998758,ADB
USA,33.0,2009,1.0295832505377,1.67766879235274,1086306.5960882,1055093.50071583,2811394.12634226,1675774.22859467,ADB
USA,33.0,2010,1.03077231340262,1.71459808796782,1112202.38069933,1078999.0827634,2977076.74887729,1736311.71629602,ADB
USA,33.0,2011,1.02921280645462,1.74171411745256,1144023.07503306,1111551.53517176,3158956.55937719,1813705.54887475,ADB
USA,33.0,2012,1.03201406488493,1.74346098552795,1190562.75987613,1153630.3625948,3290832.33484052,1887528.52065915,ADB
USA,33.0,2013,1.03351929624863,1.75094905412897,1227911.1600789,1188087.30957985,3399895.26103166,1941744.25178977,ADB
USA,33.0,2014,1.03895329589701,1.76429489183582,1273987.45402662,1226222.06316473,3571338.83776062,2024230.10704548,ADB
USA,33.0,2015,1.03777591353042,1.7519959164058,1344827.30611815,1295874.46440453,3764828.77307786,2148879.87912744,ADB
USA,33.0,2016,1.03747272444606,1.74405300632028,1409500.89421474,1358590.79569279,3931248.69647056,2254087.85296324,ADB
USA,33.0,2017,1.03909679243806,1.70305632193422,1516942.81863672,1459866.71277993,3957000.21440028,2323469.96598807,ADB
USA,33.0,2018,1.02596248179123,1.73667643450072,1555247.4108716,1515891.11539078,4357123.21302972,2508886.01150527,ADB
USA,33.0,2019,1.03876597911104,1.69962252288078,1655754.39884715,1593962.86761733,4313325.89607724,2537814.03694648,ADB
USA,33.0,2020,1.02282998602371,1.64248624290661,1652870.21229155,1615977.46925386,4122036.50135622,2509632.28408032,ADB
USA,33.0,2021,1.02218960340952,1.66948237409919,1784599.13573968,1745859.21221184,4558283.78474464,2730357.5380388,ADB
USA,33.0,2022,1.02289836909736,1.69760399024471,1898486.96072666,1855987.86554128,5007278.470353,2949615.1629752,ADB
USA,33.0,2023,1.02274131196867,1.66542397722179,2084158.82024643,2037816.20616717,5344324.67911843,3208987.47238746,ADB
USA,33.0,2024,1.02299481525671,1.66705802705525,2261299.30565887,2210469.95735891,5802629.75557373,3480760.51427178,ADB
USA,34.0,2000,1.78004580965262,1.73960761768792,739449.189270704,415410.201951494,710900.227342321,408655.503755016,ADB
USA,34.0,2007,1.72270736522187,1.78949418884385,944435.167888018,548227.276991054,1040248.07587882,581308.440320163,ADB
USA,34.0,2008,1.73650802174183,1.78543092453507,990214.154308393,570232.985917996,1069735.19011322,599146.78042881,ADB
USA,34.0,2009,1.67049078572833,1.68456883278205,961918.776998204,575830.040618158,992169.011793911,588975.049571203,ADB
USA,34.0,2010,1.7012250593208,1.692203473803,1038778.28206392,610606.031443391,1036215.21744545,612346.70267914,ADB
USA,34.0,2011,1.72323828273534,1.74770667781358,1045430.11481597,606666.022505335,1090071.4342456,623715.322533016,ADB
USA,34.0,2012,1.72126366198173,1.75314184055812,1098011.50506738,637910.117618596,1154641.3217835,658612.609129169,ADB
USA,34.0,2013,1.7275726946501,1.76022740299408,1145179.99017698,662883.8217479,1194341.56150781,678515.491507674,ADB
USA,34.0,2014,1.72663036404855,1.77486967354617,1190859.46458126,689701.449353045,1267244.13239587,713992.780024198,ADB
USA,34.0,2015,1.69531547479252,1.76556179905799,1236848.47401167,729568.326604843,1363012.79494683,771999.482359704,ADB
USA,34.0,2016,1.68340644231908,1.73862758339001,1299094.04005393,771705.517690833,1404221.36840009,807660.813514827,ADB
USA,34.0,2017,1.6822215060479,1.70540773081394,1274466.58452748,757609.256536984,1329439.30941209,779543.381556966,ADB
USA,34.0,2018,1.73484470144755,1.77385696525731,1304931.12758762,752189.015246603,1384314.18718313,780397.864256392,ADB
USA,34.0,2019,1.73805010540895,1.73087317629218,1417282.2033794,815443.811987187,1417683.40773465,819056.778481925,ADB
USA,34.0,2020,1.86163707130997,1.75611157178971,1309089.37953612,703192.582330216,1085187.53675898,617949.083754986,ADB
USA,34.0,2021,1.87614860605021,1.75685523484785,1611910.68628873,859159.386996654,1315040.35743891,748519.47465825,ADB
USA,34.0,2022,1.90763215157192,1.78914861443321,1897379.80433992,994625.6162523,1549422.65518155,866011.153395657,ADB
USA,34.0,2023,1.87015499016733,1.74747976807481,1997605.01472204,1068149.44495231,1628563.21230626,931949.680939901,ADB
USA,34.0,2024,1.86541151191968,1.75042259164872,2132443.77101918,1143149.2501216,1749782.74954766,999634.46421218,ADB
USA,35.0,2000,1.60535062592079,1.63751406571675,14597.8713579649,9093.26045180436,14992.0083259553,9155.34628973902,ADB
USA,35.0,2007,1.4781640922966,1.72748133421843,16597.9465330233,11228.7577675056,22927.1523684956,13272.0116358702,ADB
USA,35.0,2008,1.46890353958329,1.76218636408704,16960.7082303979,11546.5091977445,24922.1137478672,14142.7230716196,ADB
USA,35.0,2009,1.44755574326454,1.65638241377113,16002.2833208053,11054.6922944168,21319.4513823844,12871.0925720624,ADB
USA,35.0,2010,1.44870095361534,1.70546916575169,13795.1186032792,9522.40596573951,19408.1725818493,11379.9609934871,ADB
USA,35.0,2011,1.4639051209265,1.72796286553043,14751.9328682732,10077.1099556894,20837.5132214207,12059.0052234856,ADB
USA,35.0,2012,1.47628237017928,1.73225615666985,15848.9518778439,10735.7184492552,22296.1019917025,12871.1345062068,ADB
USA,35.0,2013,1.48433916545552,1.7546477999528,16362.415141873,11023.3668440943,23214.4495548001,13230.2616829569,ADB
USA,35.0,2014,1.48860590193551,1.77167841743952,18441.1421247921,12388.1962988422,26684.5411332566,15061.7295275413,ADB
USA,35.0,2015,1.46638081465909,1.73653120950908,19047.4405884522,12989.4229370973,27201.2685027161,15664.1403009428,ADB
USA,35.0,2016,1.45921423083597,1.73998616436354,19688.7418003205,13492.7013349102,28668.4912937672,16476.2754330599,ADB
USA,35.0,2017,1.49301205582987,1.0,30144.046667389,20190.0892559329,14530.1069579282,14530.1069579282,ADB
USA,35.0,2018,1.50755250287743,1.0,33107.7072527666,21961.2299999999,15583.3926638996,15583.3926638996,ADB
USA,35.0,2019,1.50858107176612,1.0,37860.8143760291,25096.9703150955,17797.7325221054,17797.7325221054,ADB
USA,35.0,2020,1.00070884037909,1.0,22487.9269254415,22471.9978659552,22464.0167806316,22464.0167806316,ADB
USA,35.0,2021,1.00089368117904,1.0,22020.6609463049,22000.9990675183,21991.0283072147,21991.0283072147,ADB
USA,35.0,2022,1.00109498335119,1.0,25108.4671392485,25081.0038575932,25068.1555624846,25068.1555624846,ADB
USA,35.0,2023,1.00160256148026,1.0,26953.1104965965,26909.9855902552,26888.3082644321,26888.3082644321,ADB
USA,35.0,2024,1.00131487269732,1.0,28649.162291399,28611.5417563154,28593.2837167903,28593.2837167903,ADB
USA,,2000,1.79628102285053,1.81764070089935,18464143.0376879,10279094.8647818,18844110.2210206,10367346.094141,ADB
USA,,2007,1.79187622939318,1.8415290944931,25927524.5334811,14469484.0570889,27124876.6388475,14729540.0979336,ADB
USA,,2008,1.79895414313749,1.84544103723767,26594805.9082575,14783481.8412183,27749500.9587717,15036785.4614896,ADB
USA,,2009,1.70832558363389,1.72640258646077,24821889.0435654,14529952.1832162,25231266.8672225,14614938.0596956,ADB
USA,,2010,1.75405482322507,1.77359286973035,26277097.1012929,14980772.980048,26712117.4687864,15061019.8792959,ADB
USA,,2011,1.77867956963393,1.80515375112144,27645019.494183,15542439.4399901,28297542.3572287,15675973.495138,ADB
USA,,2012,1.77947148408608,1.8044424860115,28817387.8296896,16194352.1362411,29456578.3129688,16324476.1422566,ADB
USA,,2013,1.78526319454729,1.81572444923714,29758948.3786095,16669221.9217323,30540999.2188533,16820283.0730648,ADB
USA,,2014,1.78996089262056,1.82008500574977,31067998.9404929,17356803.1952968,31861513.2695926,17505508.3520495,ADB
USA,,2015,1.75700158804705,1.77813967198525,31798348.4781318,18098076.1169809,32340383.6318387,18187763.3919114,ADB
USA,,2016,1.73959339078922,1.75949278390666,32428028.5999002,18641154.1752227,32926952.249901,18713888.7701445,ADB
USA,,2017,1.78439937479122,1.77097150422474,34711221.9915967,19452608.2456501,34184445.1659375,19302651.1631547,ADB
USA,,2018,1.78861342810222,1.77428049471103,36758020.0963068,20551126.0950939,36213138.9594468,20410041.7422132,ADB
USA,,2019,1.77711741200373,1.75748322520281,37888208.2694597,21320036.6017123,37146448.1139147,21136160.8356905,ADB
USA,,2020,1.73849900323213,1.73065780413169,36648975.6860052,21080814.8971436,36358152.0100328,21008284.7823718,ADB
USA,,2021,1.76864645602662,1.76964357147658,41702406.8095365,23578712.7876442,41726803.2063634,23579213.2827894,ADB
USA,,2022,1.80612849546719,1.80676709217336,46821769.297465,25923830.6770381,46954271.0623419,25988004.356367,ADB
USA,,2023,1.76000692180418,1.74930897287214,48753246.3117092,27700599.1895375,48281784.6800405,27600489.924183,ADB
USA,,2024,1.75273515671968,1.7478968847573,51123664.2358788,29167934.4936282,50899367.3509643,29120349.0290743,ADB
